Country,Region,Party territorial unit,Regional Party Name,Comment,Interim,Year became party chair,Year ended as party chair,Party chair,Female chair,National Party Name,Vernacular Party name,Co-leadership
Austria,Burgenland,Burgenland,Social Democratic Party of Burgenland,Regional party organization re-established in 1945 after the prohibition of the Social Democratic Party in 1934.,0,1945,1946,Alexander Stangl,0,Social Democratic Party of Austria (SPÖ),SPÖ Burgenland,0
Austria,Burgenland,Burgenland,Social Democratic Party of Burgenland,,0,1946,1960,Alois Wessely,0,Social Democratic Party of Austria (SPÖ),SPÖ Burgenland,0
Austria,Burgenland,Burgenland,Social Democratic Party of Burgenland,,0,1960,1969,Hans Bögl,0,Social Democratic Party of Austria (SPÖ),SPÖ Burgenland,0
Austria,Burgenland,Burgenland,Social Democratic Party of Burgenland,,0,1969,1987,Theodor Kery,0,Social Democratic Party of Austria (SPÖ),SPÖ Burgenland,0
Austria,Burgenland,Burgenland,Social Democratic Party of Burgenland,,0,1987,1991,Hans Sipötz,0,Social Democratic Party of Austria (SPÖ),SPÖ Burgenland,0
Austria,Burgenland,Burgenland,Social Democratic Party of Burgenland,,0,1991,1998,Karl Stix,0,Social Democratic Party of Austria (SPÖ),SPÖ Burgenland,0
Austria,Burgenland,Burgenland,Social Democratic Party of Burgenland,,0,1998,2000,Manfred Moser,0,Social Democratic Party of Austria (SPÖ),SPÖ Burgenland,0
Austria,Burgenland,Burgenland,Social Democratic Party of Burgenland,,0,2000,2018,Hans Niessl,0,Social Democratic Party of Austria (SPÖ),SPÖ Burgenland,0
Austria,Burgenland,Burgenland,Social Democratic Party of Burgenland,,0,2018,,Hans Peter Doskozil,0,Social Democratic Party of Austria (SPÖ),SPÖ Burgenland,0
Austria,Carinthia,Carinthia,Social Democratic Party of Carinthia,Regional party organization re-established in 1945 after the prohibition of the Social Democratic Party in 1934.,0,1945,1965,Ferdinand Wedenig,0,Social Democratic Party of Austria (SPÖ),SPÖ Kärnten,0
Austria,Carinthia,Carinthia,Social Democratic Party of Carinthia,,0,1965,1973,Hans Sima,0,Social Democratic Party of Austria (SPÖ),SPÖ Kärnten,0
Austria,Carinthia,Carinthia,Social Democratic Party of Carinthia,,0,1973,1988,Leopold Wagner,0,Social Democratic Party of Austria (SPÖ),SPÖ Kärnten,0
Austria,Carinthia,Carinthia,Social Democratic Party of Carinthia,,0,1988,1994,Peter Ambrozy,0,Social Democratic Party of Austria (SPÖ),SPÖ Kärnten,0
Austria,Carinthia,Carinthia,Social Democratic Party of Carinthia,,0,1994,1999,Michael Ausserwinkler,0,Social Democratic Party of Austria (SPÖ),SPÖ Kärnten,0
Austria,Carinthia,Carinthia,Social Democratic Party of Carinthia,,0,1999,1999,Helmut Manzenreiter,0,Social Democratic Party of Austria (SPÖ),SPÖ Kärnten,0
Austria,Carinthia,Carinthia,Social Democratic Party of Carinthia,,1,1999,2000,Melitta Trunk,1,Social Democratic Party of Austria (SPÖ),SPÖ Kärnten,0
Austria,Carinthia,Carinthia,Social Democratic Party of Carinthia,,0,2000,2005,Peter Ambrozy,0,Social Democratic Party of Austria (SPÖ),SPÖ Kärnten,0
Austria,Carinthia,Carinthia,Social Democratic Party of Carinthia,,0,2005,2008,Gaby Schaunig,1,Social Democratic Party of Austria (SPÖ),SPÖ Kärnten,0
Austria,Carinthia,Carinthia,Social Democratic Party of Carinthia,,0,2008,2010,Reinhart Rohr,0,Social Democratic Party of Austria (SPÖ),SPÖ Kärnten,0
Austria,Carinthia,Carinthia,Social Democratic Party of Carinthia,,0,2010,2025,Peter Kaiser,0,Social Democratic Party of Austria (SPÖ),SPÖ Kärnten,0
Austria,Carinthia,Carinthia,Social Democratic Party of Carinthia,,0,2025,,Daniel Fellner,0,Social Democratic Party of Austria (SPÖ),SPÖ Kärnten,0
Austria,Lower Austria,Lower Austria,Social Democratic Party of Lower Austria,Regional party organization re-established in 1945 after the prohibition of the Social Democratic Party in 1934.,0,1945,1956,Oskar Helmer,0,Social Democratic Party of Austria (SPÖ),SPÖ Niederösterreich,0
Austria,Lower Austria,Lower Austria,Social Democratic Party of Lower Austria,,0,1956,1960,Franz Popp,0,Social Democratic Party of Austria (SPÖ),SPÖ Niederösterreich,0
Austria,Lower Austria,Lower Austria,Social Democratic Party of Lower Austria,,0,1960,1966,Ernst Winkler,0,Social Democratic Party of Austria (SPÖ),SPÖ Niederösterreich,0
Austria,Lower Austria,Lower Austria,Social Democratic Party of Lower Austria,,0,1966,1967,Bruno Kreisky,0,Social Democratic Party of Austria (SPÖ),SPÖ Niederösterreich,0
Austria,Lower Austria,Lower Austria,Social Democratic Party of Lower Austria,,1,1967,1968,Otto Tschadek,0,Social Democratic Party of Austria (SPÖ),SPÖ Niederösterreich,0
Austria,Lower Austria,Lower Austria,Social Democratic Party of Lower Austria,,0,1968,1980,Hans Czettel,0,Social Democratic Party of Austria (SPÖ),SPÖ Niederösterreich,0
Austria,Lower Austria,Lower Austria,Social Democratic Party of Lower Austria,,0,1980,1986,Leopold Grünzweig,0,Social Democratic Party of Austria (SPÖ),SPÖ Niederösterreich,0
Austria,Lower Austria,Lower Austria,Social Democratic Party of Lower Austria,,0,1986,1998,Ernst Höger,0,Social Democratic Party of Austria (SPÖ),SPÖ Niederösterreich,0
Austria,Lower Austria,Lower Austria,Social Democratic Party of Lower Austria,,0,1998,2001,Karl Schlögl,0,Social Democratic Party of Austria (SPÖ),SPÖ Niederösterreich,0
Austria,Lower Austria,Lower Austria,Social Democratic Party of Lower Austria,,0,2001,2008,Heidemaria Onodi,1,Social Democratic Party of Austria (SPÖ),SPÖ Niederösterreich,0
Austria,Lower Austria,Lower Austria,Social Democratic Party of Lower Austria,,0,2008,2013,Josef Leitner,0,Social Democratic Party of Austria (SPÖ),SPÖ Niederösterreich,0
Austria,Lower Austria,Lower Austria,Social Democratic Party of Lower Austria,,0,2013,2017,Matthias Stadler,0,Social Democratic Party of Austria (SPÖ),SPÖ Niederösterreich,0
Austria,Lower Austria,Lower Austria,Social Democratic Party of Lower Austria,,0,2017,2023,Franz Schnabl,0,Social Democratic Party of Austria (SPÖ),SPÖ Niederösterreich,0
Austria,Lower Austria,Lower Austria,Social Democratic Party of Lower Austria,,0,2023,,Sven Hergovich,0,Social Democratic Party of Austria (SPÖ),SPÖ Niederösterreich,0
Austria,Upper Austria,Upper Austria,Social Democratic Party of Upper Austria,Regional party organization re-established in 1945 after the prohibition of the Social Democratic Party in 1934.,0,1945,1957,Ernst Koref,0,Social Democratic Party of Austria (SPÖ),SPÖ Oberösterreich,0
Austria,Upper Austria,Upper Austria,Social Democratic Party of Upper Austria,,0,1957,1967,Edmund Aigner,0,Social Democratic Party of Austria (SPÖ),SPÖ Oberösterreich,0
Austria,Upper Austria,Upper Austria,Social Democratic Party of Upper Austria,,0,1967,1969,Ludwig Bernaschek,0,Social Democratic Party of Austria (SPÖ),SPÖ Oberösterreich,0
Austria,Upper Austria,Upper Austria,Social Democratic Party of Upper Austria,,0,1969,1972,Stefan Demuth,0,Social Democratic Party of Austria (SPÖ),SPÖ Oberösterreich,0
Austria,Upper Austria,Upper Austria,Social Democratic Party of Upper Austria,,0,1972,1974,Franz Hillinger,0,Social Democratic Party of Austria (SPÖ),SPÖ Oberösterreich,0
Austria,Upper Austria,Upper Austria,Social Democratic Party of Upper Austria,,0,1974,1982,Rupert Hartl,0,Social Democratic Party of Austria (SPÖ),SPÖ Oberösterreich,0
Austria,Upper Austria,Upper Austria,Social Democratic Party of Upper Austria,,0,1982,1993,Karl Grünner,0,Social Democratic Party of Austria (SPÖ),SPÖ Oberösterreich,0
Austria,Upper Austria,Upper Austria,Social Democratic Party of Upper Austria,,0,1993,2000,Fritz Hochmair,0,Social Democratic Party of Austria (SPÖ),SPÖ Oberösterreich,0
Austria,Upper Austria,Upper Austria,Social Democratic Party of Upper Austria,,0,2000,2009,Erich Haider,0,Social Democratic Party of Austria (SPÖ),SPÖ Oberösterreich,0
Austria,Upper Austria,Upper Austria,Social Democratic Party of Upper Austria,,0,2009,2013,Josef Ackerl,0,Social Democratic Party of Austria (SPÖ),SPÖ Oberösterreich,0
Austria,Upper Austria,Upper Austria,Social Democratic Party of Upper Austria,,0,2013,2015,Reinhold Entholzer,0,Social Democratic Party of Austria (SPÖ),SPÖ Oberösterreich,0
Austria,Upper Austria,Upper Austria,Social Democratic Party of Upper Austria,Formally elected at the state party congress on 16 January 2016 as a transitional chair; announced that he would step down within a year and was succeeded by Birgit Gerstorfer in June 2016.,0,2015,2016,Johann Kalliauer,0,Social Democratic Party of Austria (SPÖ),SPÖ Oberösterreich,0
Austria,Upper Austria,Upper Austria,Social Democratic Party of Upper Austria,,0,2016,2022,Birgit Gerstorfer,1,Social Democratic Party of Austria (SPÖ),SPÖ Oberösterreich,0
Austria,Upper Austria,Upper Austria,Social Democratic Party of Upper Austria,,0,2022,2024,Michael Lindner,0,Social Democratic Party of Austria (SPÖ),SPÖ Oberösterreich,0
Austria,Upper Austria,Upper Austria,Social Democratic Party of Upper Austria,,1,2024,2025,Alois Stöger,0,Social Democratic Party of Austria (SPÖ),SPÖ Oberösterreich,0
Austria,Upper Austria,Upper Austria,Social Democratic Party of Upper Austria,,0,2025,,Martin Winkler,0,Social Democratic Party of Austria (SPÖ),SPÖ Oberösterreich,0
Austria,Salzburg,Salzburg,Social Democratic Party of Salzburg,Regional party organization re-established in 1945 after the prohibition of the Social Democratic Party in 1934.,0,1945,1966,Franz Peyerl,0,Social Democratic Party of Austria (SPÖ),SPÖ Salzburg,0
Austria,Salzburg,Salzburg,Social Democratic Party of Salzburg,,0,1966,1978,Karl Steinocher,0,Social Democratic Party of Austria (SPÖ),SPÖ Salzburg,0
Austria,Salzburg,Salzburg,Social Democratic Party of Salzburg,,0,1978,1984,Herbert Moritz,0,Social Democratic Party of Austria (SPÖ),SPÖ Salzburg,0
Austria,Salzburg,Salzburg,Social Democratic Party of Salzburg,,0,1984,1990,Wolfgang Radlegger,0,Social Democratic Party of Austria (SPÖ),SPÖ Salzburg,0
Austria,Salzburg,Salzburg,Social Democratic Party of Salzburg,,0,1990,2001,Gerhard Buchleitner,0,Social Democratic Party of Austria (SPÖ),SPÖ Salzburg,0
Austria,Salzburg,Salzburg,Social Democratic Party of Salzburg,,0,2001,2013,Gabi Burgstaller,1,Social Democratic Party of Austria (SPÖ),SPÖ Salzburg,0
Austria,Salzburg,Salzburg,Social Democratic Party of Salzburg,Interim from May 2013 until confirmed as regional party chair later in 2013.,0,2013,2020,Walter Steidl,0,Social Democratic Party of Austria (SPÖ),SPÖ Salzburg,0
Austria,Salzburg,Salzburg,Social Democratic Party of Salzburg,,0,2020,2024,David Egger,0,Social Democratic Party of Austria (SPÖ),SPÖ Salzburg,0
Austria,Salzburg,Salzburg,Social Democratic Party of Salzburg,Member of a three-person interim leadership with Barbara Thöny and Bettina Brandauer until elected sole regional party chair in 2026.,0,2024,,Peter Eder,0,Social Democratic Party of Austria (SPÖ),SPÖ Salzburg,1
Austria,Salzburg,Salzburg,Social Democratic Party of Salzburg,Member of a three-person interim leadership with Peter Eder and Bettina Brandauer.,1,2024,2026,Barbara Thöny,1,Social Democratic Party of Austria (SPÖ),SPÖ Salzburg,1
Austria,Salzburg,Salzburg,Social Democratic Party of Salzburg,Member of a three-person interim leadership with Peter Eder and Barbara Thöny.,1,2024,2026,Bettina Brandauer,1,Social Democratic Party of Austria (SPÖ),SPÖ Salzburg,1
Austria,Styria,Styria,Social Democratic Party of Styria,Regional party organization re-established in 1945 after the prohibition of the Social Democratic Party in 1934.,0,1945,1960,Reinhard Machold,0,Social Democratic Party of Austria (SPÖ),SPÖ Steiermark,0
Austria,Styria,Styria,Social Democratic Party of Styria,,0,1960,1970,Alfred Schachner-Blazizek,0,Social Democratic Party of Austria (SPÖ),SPÖ Steiermark,0
Austria,Styria,Styria,Social Democratic Party of Styria,,0,1970,1981,Adalbert Sebastian,0,Social Democratic Party of Austria (SPÖ),SPÖ Steiermark,0
Austria,Styria,Styria,Social Democratic Party of Styria,,0,1981,1990,Hans Gross,0,Social Democratic Party of Austria (SPÖ),SPÖ Steiermark,0
Austria,Styria,Styria,Social Democratic Party of Styria,,0,1990,2002,Peter Schachner-Blazizek,0,Social Democratic Party of Austria (SPÖ),SPÖ Steiermark,0
Austria,Styria,Styria,Social Democratic Party of Styria,,0,2002,2015,Franz Voves,0,Social Democratic Party of Austria (SPÖ),SPÖ Steiermark,0
Austria,Styria,Styria,Social Democratic Party of Styria,,0,2015,2019,Michael Schickhofer,0,Social Democratic Party of Austria (SPÖ),SPÖ Steiermark,0
Austria,Styria,Styria,Social Democratic Party of Styria,,1,2019,2020,Jörg Leichtfried,0,Social Democratic Party of Austria (SPÖ),SPÖ Steiermark,0
Austria,Styria,Styria,Social Democratic Party of Styria,,0,2020,2024,Anton Lang,0,Social Democratic Party of Austria (SPÖ),SPÖ Steiermark,0
Austria,Styria,Styria,Social Democratic Party of Styria,Acting regional party chair from December 2024 until elected regional party chair in 2025.,0,2024,,Max Lercher,0,Social Democratic Party of Austria (SPÖ),SPÖ Steiermark,0
Austria,Tyrol,Tyrol,Social Democratic Party of Tyrol,Regional party organization re-established in 1945 after the prohibition of the Social Democratic Party in 1934.,0,1945,1961,Franz Hüttenberger,0,Social Democratic Party of Austria (SPÖ),SPÖ Tirol,0
Austria,Tyrol,Tyrol,Social Democratic Party of Tyrol,,0,1961,1970,Karl Kunst,0,Social Democratic Party of Austria (SPÖ),SPÖ Tirol,0
Austria,Tyrol,Tyrol,Social Democratic Party of Tyrol,,0,1970,1981,Herbert Salcher,0,Social Democratic Party of Austria (SPÖ),SPÖ Tirol,0
Austria,Tyrol,Tyrol,Social Democratic Party of Tyrol,,0,1981,1985,Ernst Fili,0,Social Democratic Party of Austria (SPÖ),SPÖ Tirol,0
Austria,Tyrol,Tyrol,Social Democratic Party of Tyrol,,0,1985,1994,Hans Tanzer,0,Social Democratic Party of Austria (SPÖ),SPÖ Tirol,0
Austria,Tyrol,Tyrol,Social Democratic Party of Tyrol,,0,1994,2002,Herbert Prock,0,Social Democratic Party of Austria (SPÖ),SPÖ Tirol,0
Austria,Tyrol,Tyrol,Social Democratic Party of Tyrol,,0,2002,2012,Hannes Gschwentner,0,Social Democratic Party of Austria (SPÖ),SPÖ Tirol,0
Austria,Tyrol,Tyrol,Social Democratic Party of Tyrol,,1,2012,2014,Gerhard Reheis,0,Social Democratic Party of Austria (SPÖ),SPÖ Tirol,0
Austria,Tyrol,Tyrol,Social Democratic Party of Tyrol,,0,2014,2016,Ingo Mayr,0,Social Democratic Party of Austria (SPÖ),SPÖ Tirol,0
Austria,Tyrol,Tyrol,Social Democratic Party of Tyrol,,0,2016,2018,Elisabeth Blanik,1,Social Democratic Party of Austria (SPÖ),SPÖ Tirol,0
Austria,Tyrol,Tyrol,Social Democratic Party of Tyrol,Interim from November 2018 until elected regional party chair in 2019.,0,2018,2024,Georg Dornauer,0,Social Democratic Party of Austria (SPÖ),SPÖ Tirol,0
Austria,Tyrol,Tyrol,Social Democratic Party of Tyrol,Interim until elected at regional party congresss in 2025.,0,2024,,Philip Wohlgemuth,0,Social Democratic Party of Austria (SPÖ),SPÖ Tirol,0
Austria,Vorarlberg,Vorarlberg,Social Democratic Party of Vorarlberg,Regional party organization re-established in 1945 after the prohibition of the Social Democratic Party in 1934.,0,1945,1957,Jakob Bertsch,0,Social Democratic Party of Austria (SPÖ),SPÖ Vorarlberg,0
Austria,Vorarlberg,Vorarlberg,Social Democratic Party of Vorarlberg,,0,1957,1961,Josef Schoder,0,Social Democratic Party of Austria (SPÖ),SPÖ Vorarlberg,0
Austria,Vorarlberg,Vorarlberg,Social Democratic Party of Vorarlberg,,0,1961,1966,Franz Katzengruber,0,Social Democratic Party of Austria (SPÖ),SPÖ Vorarlberg,0
Austria,Vorarlberg,Vorarlberg,Social Democratic Party of Vorarlberg,,0,1966,1976,Roman Heinz,0,Social Democratic Party of Austria (SPÖ),SPÖ Vorarlberg,0
Austria,Vorarlberg,Vorarlberg,Social Democratic Party of Vorarlberg,,0,1976,1988,Fritz Mayer,0,Social Democratic Party of Austria (SPÖ),SPÖ Vorarlberg,0
Austria,Vorarlberg,Vorarlberg,Social Democratic Party of Vorarlberg,,0,1988,1993,Arnulf Häfele,0,Social Democratic Party of Austria (SPÖ),SPÖ Vorarlberg,0
Austria,Vorarlberg,Vorarlberg,Social Democratic Party of Vorarlberg,,0,1993,1995,Karl Falschlunger,0,Social Democratic Party of Austria (SPÖ),SPÖ Vorarlberg,0
Austria,Vorarlberg,Vorarlberg,Social Democratic Party of Vorarlberg,,0,1995,1999,Elmar Mayer,0,Social Democratic Party of Austria (SPÖ),SPÖ Vorarlberg,0
Austria,Vorarlberg,Vorarlberg,Social Democratic Party of Vorarlberg,,0,1999,2003,Manfred Lackner,0,Social Democratic Party of Austria (SPÖ),SPÖ Vorarlberg,0
Austria,Vorarlberg,Vorarlberg,Social Democratic Party of Vorarlberg,,0,2003,2007,Elke Sader,1,Social Democratic Party of Austria (SPÖ),SPÖ Vorarlberg,0
Austria,Vorarlberg,Vorarlberg,Social Democratic Party of Vorarlberg,,0,2007,2016,Michael Ritsch,0,Social Democratic Party of Austria (SPÖ),SPÖ Vorarlberg,0
Austria,Vorarlberg,Vorarlberg,Social Democratic Party of Vorarlberg,Interim from 2016 until elected regional party chair in 2017.,0,2016,2018,Gabriele Sprickler-Falschlunger,1,Social Democratic Party of Austria (SPÖ),SPÖ Vorarlberg,0
Austria,Vorarlberg,Vorarlberg,Social Democratic Party of Vorarlberg,,0,2018,2021,Martin Staudinger,0,Social Democratic Party of Austria (SPÖ),SPÖ Vorarlberg,0
Austria,Vorarlberg,Vorarlberg,Social Democratic Party of Vorarlberg,,0,2021,2023,Gabriele Sprickler-Falschlunger,1,Social Democratic Party of Austria (SPÖ),SPÖ Vorarlberg,0
Austria,Vorarlberg,Vorarlberg,Social Democratic Party of Vorarlberg,,0,2023,,Mario Leiter,0,Social Democratic Party of Austria (SPÖ),SPÖ Vorarlberg,0
Austria,Vienna,Vienna,Social Democratic Party of Vienna,Regional party organization re-established in 1945 after the prohibition of the Social Democratic Party in 1934.,0,1945,1947,Paul Speiser,0,Social Democratic Party of Austria (SPÖ),SPÖ Wien,0
Austria,Vienna,Vienna,Social Democratic Party of Vienna,,0,1947,1949,Franz Novy,0,Social Democratic Party of Austria (SPÖ),SPÖ Wien,0
Austria,Vienna,Vienna,Social Democratic Party of Vienna,,0,1949,1964,Franz Jonas,0,Social Democratic Party of Austria (SPÖ),SPÖ Wien,0
Austria,Vienna,Vienna,Social Democratic Party of Vienna,,0,1964,1970,Felix Slavik,0,Social Democratic Party of Austria (SPÖ),SPÖ Wien,0
Austria,Vienna,Vienna,Social Democratic Party of Vienna,,0,1970,1974,Otto Probst,0,Social Democratic Party of Austria (SPÖ),SPÖ Wien,0
Austria,Vienna,Vienna,Social Democratic Party of Vienna,,0,1974,1988,Leopold Gratz,0,Social Democratic Party of Austria (SPÖ),SPÖ Wien,0
Austria,Vienna,Vienna,Social Democratic Party of Vienna,,0,1988,1993,Hans Mayr,0,Social Democratic Party of Austria (SPÖ),SPÖ Wien,0
Austria,Vienna,Vienna,Social Democratic Party of Vienna,,0,1993,2018,Michael Häupl,0,Social Democratic Party of Austria (SPÖ),SPÖ Wien,0
Austria,Vienna,Vienna,Social Democratic Party of Vienna,,0,2018,,Michael Ludwig,0,Social Democratic Party of Austria (SPÖ),SPÖ Wien,0