Country,Region,Regional Party Name,Comment,Interim,Year became party leader,Year ended as party leader,Party leader,Female party leader,National Sister Party,Co-leadership
Canada,Alberta,Alberta Co-operative Commonwealth Federation,Regional CCF branch established in 1932; the party-leader series begins in 1940.,0,1940,1942,Chester Ronning,0,CCF-NDP,0
Canada,Alberta,Alberta Co-operative Commonwealth Federation,,0,1942,1955,Elmer Roper,0,CCF-NDP,0
Canada,Alberta,Alberta Co-operative Commonwealth Federation,No party leader has been identified for 1955–1957.,0,1957,1962,Floyd Albin Johnson,0,CCF-NDP,0
Canada,Alberta,Alberta New Democratic Party,,0,1963,1968,Neil Reimer,0,CCF-NDP,0
Canada,Alberta,Alberta New Democratic Party,,0,1968,1984,Grant Notley,0,CCF-NDP,0
Canada,Alberta,Alberta New Democratic Party,,0,1984,1994,Ray Martin,0,CCF-NDP,0
Canada,Alberta,Alberta New Democratic Party,,0,1994,1996,Ross Harvey,0,CCF-NDP,0
Canada,Alberta,Alberta New Democratic Party,,0,1996,2000,Pam Barrett,1,CCF-NDP,0
Canada,Alberta,Alberta New Democratic Party,,0,2000,2004,Raj Pannu,0,CCF-NDP,0
Canada,Alberta,Alberta New Democratic Party,,0,2004,2014,Brian Mason,0,CCF-NDP,0
Canada,Alberta,Alberta New Democratic Party,,0,2014,2024,Rachel Notley,1,CCF-NDP,0
Canada,Alberta,Alberta New Democratic Party,,0,2024,,Naheed Nenshi,0,CCF-NDP,0
Canada,British Columbia,British Columbia Co-operative Commonwealth Federation,Regional CCF branch established in 1933.,0,1933,1936,Robert Connell,0,CCF-NDP,0
Canada,British Columbia,British Columbia Co-operative Commonwealth Federation,,0,1936,1953,Harold Edward Winch,0,CCF-NDP,0
Canada,British Columbia,British Columbia Co-operative Commonwealth Federation,,0,1953,1956,Arnold Webster,0,CCF-NDP,0
Canada,British Columbia,British Columbia Co-operative Commonwealth Federation,Changed name to British Columbia New Democratic Party in 1961.,0,1956,1969,Robert Strachan,0,CCF-NDP,0
Canada,British Columbia,British Columbia New Democratic Party,,0,1969,1969,Thomas Rodney Berger,0,CCF-NDP,0
Canada,British Columbia,British Columbia New Democratic Party,"Interim leader until the 1970 leadership convention, when acclaimed permanent leader.",0,1969,1984,Dave Barrett,0,CCF-NDP,0
Canada,British Columbia,British Columbia New Democratic Party,,0,1984,1987,Bob Skelly,0,CCF-NDP,0
Canada,British Columbia,British Columbia New Democratic Party,,0,1987,1996,Michael Harcourt,0,CCF-NDP,0
Canada,British Columbia,British Columbia New Democratic Party,,0,1996,1999,Glen Clark,0,CCF-NDP,0
Canada,British Columbia,British Columbia New Democratic Party,,1,1999,2000,Dan Miller,0,CCF-NDP,0
Canada,British Columbia,British Columbia New Democratic Party,,0,2000,2001,Ujjal Dosanjh,0,CCF-NDP,0
Canada,British Columbia,British Columbia New Democratic Party,,1,2001,2003,Joy MacPhail,1,CCF-NDP,0
Canada,British Columbia,British Columbia New Democratic Party,,0,2003,2011,Carole James,1,CCF-NDP,0
Canada,British Columbia,British Columbia New Democratic Party,,1,2011,2011,Dawn Black,1,CCF-NDP,0
Canada,British Columbia,British Columbia New Democratic Party,,0,2011,2014,Adrian Dix,0,CCF-NDP,0
Canada,British Columbia,British Columbia New Democratic Party,,0,2014,2022,John Horgan,0,CCF-NDP,0
Canada,British Columbia,British Columbia New Democratic Party,,0,2022,,David Eby,0,CCF-NDP,0
Canada,Manitoba,Manitoba Co-operative Commonwealth Federation,Regional CCF branch established in 1932; this series begins in 1953.,0,1953,1960,Lloyd Stinson,0,CCF-NDP,0
Canada,Manitoba,Manitoba Co-operative Commonwealth Federation,Changed name to New Democratic Party of Manitoba in 1961.,0,1960,1969,Andrew Russell Paulley,0,CCF-NDP,0
Canada,Manitoba,New Democratic Party of Manitoba,,0,1969,1979,Ed Schreyer,0,CCF-NDP,0
Canada,Manitoba,New Democratic Party of Manitoba,,0,1979,1988,Howard Pawley,0,CCF-NDP,0
Canada,Manitoba,New Democratic Party of Manitoba,,0,1988,2009,Gary Doer,0,CCF-NDP,0
Canada,Manitoba,New Democratic Party of Manitoba,,0,2009,2016,Greg Selinger,0,CCF-NDP,0
Canada,Manitoba,New Democratic Party of Manitoba,,1,2016,2017,Flor Marcelino,1,CCF-NDP,0
Canada,Manitoba,New Democratic Party of Manitoba,,0,2017,,Wab Kinew,0,CCF-NDP,0
Canada,New Brunswick,New Brunswick New Democratic Party,Regional NDP branch established in 1962; the first party leader identified begins in 1965.,0,1965,1968,Jack Currie,0,CCF-NDP,0
Canada,New Brunswick,New Brunswick New Democratic Party,No party leader has been identified for 1968–1970.,0,1970,1971,J. Albert Richardson,0,CCF-NDP,0
Canada,New Brunswick,New Brunswick New Democratic Party,"Disputed leadership during the New Brunswick Waffle split; after the contested October 1971 convention, the federal NDP suspended the provincial party and called a special convention in November 1971, which Callaghan did not attend.",0,1971,1971,Pat Callaghan,0,CCF-NDP,0
Canada,New Brunswick,New Brunswick New Democratic Party,No party leader has been identified for 1968–1970.,0,1971,1976,J. Albert Richardson,0,CCF-NDP,0
Canada,New Brunswick,New Brunswick New Democratic Party,,0,1976,1980,John LaBossiere,0,CCF-NDP,0
Canada,New Brunswick,New Brunswick New Democratic Party,,0,1980,1988,George Little,0,CCF-NDP,0
Canada,New Brunswick,New Brunswick New Democratic Party,,1,1988,1988,Robert Hall,0,CCF-NDP,0
Canada,New Brunswick,New Brunswick New Democratic Party,,0,1988,2005,Elizabeth Weir,1,CCF-NDP,0
Canada,New Brunswick,New Brunswick New Democratic Party,,0,2005,2006,Allison Brewer,1,CCF-NDP,0
Canada,New Brunswick,New Brunswick New Democratic Party,,1,2006,2007,Pat Hanratty,0,CCF-NDP,0
Canada,New Brunswick,New Brunswick New Democratic Party,,0,2007,2010,Roger Duguay,0,CCF-NDP,0
Canada,New Brunswick,New Brunswick New Democratic Party,,1,2010,2011,Jesse Travis,0,CCF-NDP,0
Canada,New Brunswick,New Brunswick New Democratic Party,,0,2011,2017,Dominic Cardy,0,CCF-NDP,0
Canada,New Brunswick,New Brunswick New Democratic Party,,1,2017,2017,Rosaire L'Italien,0,CCF-NDP,0
Canada,New Brunswick,New Brunswick New Democratic Party,,0,2017,2019,Jennifer McKenzie,1,CCF-NDP,0
Canada,New Brunswick,New Brunswick New Democratic Party,,1,2019,2020,Mackenzie Thomason,0,CCF-NDP,0
Canada,New Brunswick,New Brunswick New Democratic Party,,1,2020,2020,Nathan Davis,0,CCF-NDP,0
Canada,New Brunswick,New Brunswick New Democratic Party,,1,2020,2021,Chris Thompson,0,CCF-NDP,0
Canada,New Brunswick,New Brunswick New Democratic Party,,0,2021,2022,Mackenzie Thomason,0,CCF-NDP,0
Canada,New Brunswick,New Brunswick New Democratic Party,Interim until elected permanent leader in 2023.,0,2022,,Alex White,0,CCF-NDP,0
Canada,Newfoundland and Labrador,Newfoundland Democratic Party,Newfoundland Democratic Party established in 1955.,0,1955,1956,Sam Drover,0,CCF-NDP,0
Canada,Newfoundland and Labrador,Newfoundland Democratic Party,Changed name to Newfoundland and Labrador New Democratic Party in 1961; No party leader has been identified for 1956–1959.,0,1959,1963,Ed Finn Jr.,0,CCF-NDP,0
Canada,Newfoundland and Labrador,Newfoundland and Labrador New Democratic Party,,0,1963,1966,Calvin Normore,0,CCF-NDP,0
Canada,Newfoundland and Labrador,Newfoundland and Labrador New Democratic Party,,1,1966,1970,Esau Thoms,0,CCF-NDP,0
Canada,Newfoundland and Labrador,Newfoundland and Labrador New Democratic Party,,0,1970,1974,John Connors,0,CCF-NDP,0
Canada,Newfoundland and Labrador,Newfoundland and Labrador New Democratic Party,,0,1974,1977,Gerry Panting,0,CCF-NDP,0
Canada,Newfoundland and Labrador,Newfoundland and Labrador New Democratic Party,,0,1977,1980,John Greene,0,CCF-NDP,0
Canada,Newfoundland and Labrador,Newfoundland and Labrador New Democratic Party,,0,1980,1981,Fonse Faour,0,CCF-NDP,0
Canada,Newfoundland and Labrador,Newfoundland and Labrador New Democratic Party,,0,1981,1989,Peter Fenwick,0,CCF-NDP,0
Canada,Newfoundland and Labrador,Newfoundland and Labrador New Democratic Party,,0,1989,1992,Cle Newhook,0,CCF-NDP,0
Canada,Newfoundland and Labrador,Newfoundland and Labrador New Democratic Party,,0,1992,2006,Jack Harris,0,CCF-NDP,0
Canada,Newfoundland and Labrador,Newfoundland and Labrador New Democratic Party,,0,2006,2015,Lorraine Michael,1,CCF-NDP,0
Canada,Newfoundland and Labrador,Newfoundland and Labrador New Democratic Party,,0,2015,2017,Earle McCurdy,0,CCF-NDP,0
Canada,Newfoundland and Labrador,Newfoundland and Labrador New Democratic Party,,1,2017,2018,Lorraine Michael,1,CCF-NDP,0
Canada,Newfoundland and Labrador,Newfoundland and Labrador New Democratic Party,,0,2018,2019,Gerry Rogers,1,CCF-NDP,0
Canada,Newfoundland and Labrador,Newfoundland and Labrador New Democratic Party,,0,2019,2021,Alison Coffin,1,CCF-NDP,0
Canada,Newfoundland and Labrador,Newfoundland and Labrador New Democratic Party,,1,2021,2023,Jim Dinn,0,CCF-NDP,0
Canada,Newfoundland and Labrador,Newfoundland and Labrador New Democratic Party,,0,2023,,Jim Dinn,0,CCF-NDP,0
Canada,Nova Scotia,Nova Scotia Co-operative Commonwealth Federation,Regional CCF branch established in 1932; the party-leader series begins in 1941.,0,1941,1945,Donald MacDonald,0,CCF-NDP,0
Canada,Nova Scotia,Nova Scotia Co-operative Commonwealth Federation,,0,1945,1953,Russell Cunningham,0,CCF-NDP,0
Canada,Nova Scotia,Nova Scotia Co-operative Commonwealth Federation,Changed name to Nova Scotia New Democratic Party in 1961.,0,1953,1963,Michael James MacDonald,0,CCF-NDP,0
Canada,Nova Scotia,Nova Scotia New Democratic Party,,0,1963,1968,James H. Aitchison,0,CCF-NDP,0
Canada,Nova Scotia,Nova Scotia New Democratic Party,,0,1968,1980,Jeremy Akerman,0,CCF-NDP,0
Canada,Nova Scotia,Nova Scotia New Democratic Party,,1,1980,1980,"James ""Buddy"" MacEachern",0,CCF-NDP,0
Canada,Nova Scotia,Nova Scotia New Democratic Party,,0,1980,1994,Alexa McDonough,1,CCF-NDP,0
Canada,Nova Scotia,Nova Scotia New Democratic Party,,1,1994,1996,John Holm,0,CCF-NDP,0
Canada,Nova Scotia,Nova Scotia New Democratic Party,,0,1996,2000,Robert Chisholm,0,CCF-NDP,0
Canada,Nova Scotia,Nova Scotia New Democratic Party,,0,2000,2001,Helen MacDonald,1,CCF-NDP,0
Canada,Nova Scotia,Nova Scotia New Democratic Party,,0,2001,2013,Darrell Dexter,0,CCF-NDP,0
Canada,Nova Scotia,Nova Scotia New Democratic Party,,1,2013,2016,Maureen MacDonald,1,CCF-NDP,0
Canada,Nova Scotia,Nova Scotia New Democratic Party,,0,2016,2022,Gary Burrill,0,CCF-NDP,0
Canada,Nova Scotia,Nova Scotia New Democratic Party,,0,2022,,Claudia Chender,1,CCF-NDP,0
Canada,Ontario,Ontario Co-operative Commonwealth Federation,Regional CCF branch established in 1932; the party-leader series begins in 1942.,0,1942,1953,E.B.(Ted) Jolliffe,0,CCF-NDP,0
Canada,Ontario,Ontario Co-operative Commonwealth Federation,Changed name to Ontario New Democratic Party in 1961.,0,1953,1970,Donald C. MacDonald,0,CCF-NDP,0
Canada,Ontario,Ontario New Democratic Party,,0,1970,1978,Stephen Lewis,0,CCF-NDP,0
Canada,Ontario,Ontario New Democratic Party,,0,1978,1982,Michael Cassidy,0,CCF-NDP,0
Canada,Ontario,Ontario New Democratic Party,,0,1982,1996,Bob Rae,0,CCF-NDP,0
Canada,Ontario,Ontario New Democratic Party,,1,1996,1996,Bud Wildman,0,CCF-NDP,0
Canada,Ontario,Ontario New Democratic Party,,0,1996,2009,Howard Hampton,0,CCF-NDP,0
Canada,Ontario,Ontario New Democratic Party,,0,2009,2022,Andrea Horwath,1,CCF-NDP,0
Canada,Ontario,Ontario New Democratic Party,,1,2022,2023,Peter Tabuns,0,CCF-NDP,0
Canada,Ontario,Ontario New Democratic Party,,0,2023,,Marit Stiles,1,CCF-NDP,0
Canada,Prince Edward Island,New Democratic Party of Prince Edward Island,Regional NDP branch established in 1962; the party-leader series begins in 1972.,0,1972,1972,David Hall,0,CCF-NDP,0
Canada,Prince Edward Island,New Democratic Party of Prince Edward Island,,0,1972,1979,Aquinas Ryan,0,CCF-NDP,0
Canada,Prince Edward Island,New Democratic Party of Prince Edward Island,,1,1979,1981,Doreen Sark,1,CCF-NDP,0
Canada,Prince Edward Island,New Democratic Party of Prince Edward Island,,0,1981,1982,Douglas Murray,0,CCF-NDP,0
Canada,Prince Edward Island,New Democratic Party of Prince Edward Island,,1,1982,1983,David Burke,0,CCF-NDP,0
Canada,Prince Edward Island,New Democratic Party of Prince Edward Island,,0,1983,1989,Jim Mayne,0,CCF-NDP,0
Canada,Prince Edward Island,New Democratic Party of Prince Edward Island,,1,1989,1991,Dolores Crane,1,CCF-NDP,0
Canada,Prince Edward Island,New Democratic Party of Prince Edward Island,,0,1991,1995,Larry Duchesne,0,CCF-NDP,0
Canada,Prince Edward Island,New Democratic Party of Prince Edward Island,,0,1995,2002,Herb Dickieson,0,CCF-NDP,0
Canada,Prince Edward Island,New Democratic Party of Prince Edward Island,,0,2002,2005,Gary Robichaud,0,CCF-NDP,0
Canada,Prince Edward Island,New Democratic Party of Prince Edward Island,No party leader has been identified for 2005–2006.,0,2006,2007,Dean Constable,0,CCF-NDP,0
Canada,Prince Edward Island,New Democratic Party of Prince Edward Island,,1,2007,2009,James Rodd,0,CCF-NDP,0
Canada,Prince Edward Island,New Democratic Party of Prince Edward Island,,0,2009,2012,James Rodd,0,CCF-NDP,0
Canada,Prince Edward Island,New Democratic Party of Prince Edward Island,,0,2012,2017,Michael Redmond,0,CCF-NDP,0
Canada,Prince Edward Island,New Democratic Party of Prince Edward Island,No party leader has been identified for 2017–2018.,0,2018,2020,Joe Byrne,0,CCF-NDP,0
Canada,Prince Edward Island,New Democratic Party of Prince Edward Island,No party leader has been identified for 2020–2022.,0,2022,2025,Michelle Neill,1,CCF-NDP,0
Canada,Prince Edward Island,New Democratic Party of Prince Edward Island,No party leader has been identified for 2025–2026.,0,2026,,Thomas Burleigh,0,CCF-NDP,0
Canada,Saskatchewan,Farmer-Labour Group,Affiliated with the Co-operative Commonwealth Federation and adopted the Saskatchewan CCF name in 1934; Farmer-Labour Group established in 1932.,0,1932,1936,Major James Coldwell,0,CCF-NDP,0
Canada,Saskatchewan,Saskatchewan Co-operative Commonwealth Federation,,0,1936,1941,George Hara Williams,0,CCF-NDP,0
Canada,Saskatchewan,Saskatchewan Co-operative Commonwealth Federation,,0,1942,1961,Thomas Douglas,0,CCF-NDP,0
Canada,Saskatchewan,Saskatchewan Co-operative Commonwealth Federation,Changed name to Saskatchewan New Democratic Party in 1967.,0,1961,1970,Woodrow Lloyd,0,CCF-NDP,0
Canada,Saskatchewan,Saskatchewan New Democratic Party,,0,1970,1987,Allan Blakeney,0,CCF-NDP,0
Canada,Saskatchewan,Saskatchewan New Democratic Party,,0,1987,2001,Roy Romanow,0,CCF-NDP,0
Canada,Saskatchewan,Saskatchewan New Democratic Party,,0,2001,2009,Lorne Calvert,0,CCF-NDP,0
Canada,Saskatchewan,Saskatchewan New Democratic Party,,0,2009,2011,Dwain Lingenfelter,0,CCF-NDP,0
Canada,Saskatchewan,Saskatchewan New Democratic Party,,1,2011,2013,John Nilson,0,CCF-NDP,0
Canada,Saskatchewan,Saskatchewan New Democratic Party,,0,2013,2016,Cam Broten,0,CCF-NDP,0
Canada,Saskatchewan,Saskatchewan New Democratic Party,,1,2016,2017,Trent Wotherspoon,0,CCF-NDP,0
Canada,Saskatchewan,Saskatchewan New Democratic Party,,1,2017,2018,Nicole Sarauer,1,CCF-NDP,0
Canada,Saskatchewan,Saskatchewan New Democratic Party,,0,2018,2022,Ryan Meili,0,CCF-NDP,0
Canada,Saskatchewan,Saskatchewan New Democratic Party,,0,2022,,Carla Beck,1,CCF-NDP,0
Canada,Yukon,Yukon New Democratic Party,"Regional party established in 1978, when partisan territorial politics began.",0,1978,1981,Fred Berger,0,CCF-NDP,0
Canada,Yukon,Yukon New Democratic Party,,0,1981,1995,Tony Penikett,0,CCF-NDP,0
Canada,Yukon,Yukon New Democratic Party,,0,1995,2000,Piers McDonald,0,CCF-NDP,0
Canada,Yukon,Yukon New Democratic Party,,1,2000,2000,Trevor Harding,0,CCF-NDP,0
Canada,Yukon,Yukon New Democratic Party,No party leader has been identified for 2000–2001.,1,2001,2002,Eric Fairclough,0,CCF-NDP,0
Canada,Yukon,Yukon New Democratic Party,,0,2002,2009,Todd Hardy,0,CCF-NDP,0
Canada,Yukon,Yukon New Democratic Party,,0,2009,2019,Elizabeth Hanson,1,CCF-NDP,0
Canada,Yukon,Yukon New Democratic Party,,0,2019,,Kate White,1,CCF-NDP,0