Country,Region,Regional Party Name,Comment,Interim,Year became party leader,Year ended as party leader,Party leader,Female party leader (0 = male; 1 = female),National Sister Party,Co-leadership,Source
Canada,Alberta,Conservative Party of Alberta,Regional party established in 1905.,0,1905,1905,Richard Bedford Bennett,0,Conservative,0,
Canada,Alberta,Conservative Party of Alberta,,0,1905,1909,Albert Robertson,0,Conservative,0,
Canada,Alberta,Conservative Party of Alberta,,0,1909,1910,Richard Bedford Bennett,0,Conservative,0,
Canada,Alberta,Conservative Party of Alberta,,0,1910,1917,Edward Michener,0,Conservative,0,
Canada,Alberta,Conservative Party of Alberta,,0,1918,1920,George Hoadley,0,Conservative,0,
Canada,Alberta,Conservative Party of Alberta,,0,1920,1921,James Ramsey,0,Conservative,0,
Canada,Alberta,Conservative Party of Alberta,No party leader has been identified for 1921–1925.,0,1925,1930,Alexander McGillivray,0,Conservative,0,
Canada,Alberta,Conservative Party of Alberta,,0,1930,1942,David Milwyn Duggan,0,Conservative,0,
Canada,Alberta,Conservative Party of Alberta,Party electorally inactive from 1942 to 1952; No party leader has been identified for 1942–1952.,0,1952,1958,John Percy Page,0,Conservative,0,
Canada,Alberta,Conservative Party of Alberta,Changed name to Progressive Conservative Association of Alberta in 1959.,0,1958,1959,Cam Kirby,0,Conservative,0,
Canada,Alberta,Progressive Conservative Association of Alberta,,1,1959,1962,Ernest Watkins,0,Conservative,0,
Canada,Alberta,Progressive Conservative Association of Alberta,,0,1962,1964,Milt Harradence,0,Conservative,0,
Canada,Alberta,Progressive Conservative Association of Alberta,,0,1965,1985,Peter Lougheed,0,Conservative,0,
Canada,Alberta,Progressive Conservative Association of Alberta,,0,1985,1992,Don Getty,0,Conservative,0,
Canada,Alberta,Progressive Conservative Association of Alberta,,0,1992,2006,Ralph Klein,0,Conservative,0,
Canada,Alberta,Progressive Conservative Association of Alberta,,0,2006,2011,Ed Stelmach,0,Conservative,0,
Canada,Alberta,Progressive Conservative Association of Alberta,,0,2011,2014,Alison Redford,1,Conservative,0,
Canada,Alberta,Progressive Conservative Association of Alberta,,1,2014,2014,Dave Hancock,0,Conservative,0,
Canada,Alberta,Progressive Conservative Association of Alberta,,0,2014,2015,Jim Prentice,0,Conservative,0,
Canada,Alberta,Progressive Conservative Association of Alberta,,1,2015,2017,Ric McIver,0,Conservative,0,
Canada,Alberta,Progressive Conservative Association of Alberta,Merged with the Wildrose Party to form the United Conservative Party in 2017; the Progressive Conservative Association of Alberta was dissolved following the merger.,0,2017,2017,Jason Kenney,0,Conservative,0,
Canada,Alberta,United Conservative Party,,1,2017,2017,Nathan Cooper,0,Conservative,0,
Canada,Alberta,United Conservative Party,,0,2017,2022,Jason Kenney,0,Conservative,0,
Canada,Alberta,United Conservative Party,,0,2022,,Danielle Smith,1,Conservative,0,
Canada,British Columbia,Conservative Party of British Columbia,Regional party series begins in 1900.,0,1900,1903,Charles Wilson,0,Conservative,0,
Canada,British Columbia,Liberal-Conservative Party of British Columbia,,0,1903,1915,Richard McBride,0,Conservative,0,
Canada,British Columbia,Liberal-Conservative Party of British Columbia,,0,1915,1924,William John Bowser,0,Conservative,0,
Canada,British Columbia,Liberal-Conservative Party of British Columbia,Changed name to Conservative Party of British Columbia in 1926.,1,1924,1926,Robert Henry Pooley,0,Conservative,0,
Canada,British Columbia,Conservative Party of British Columbia,,0,1926,1936,Simon Fraser Tolmie,0,Conservative,0,
Canada,British Columbia,Conservative Party of British Columbia,,1,1936,1938,Frank Porter Patterson,0,Conservative,0,
Canada,British Columbia,Conservative Party of British Columbia,Changed name to Progressive Conservative Party of British Columbia in 1942.,0,1938,1946,Royal Lethington Maitland,0,Conservative,0,
Canada,British Columbia,Progressive Conservative Party of British Columbia,,0,1946,1952,Herbert Anscomb,0,Conservative,0,
Canada,British Columbia,Progressive Conservative Party of British Columbia,,0,1952,1961,Deane Finlayson,0,Conservative,0,
Canada,British Columbia,Progressive Conservative Party of British Columbia,,0,1963,1965,Davie Fulton,0,Conservative,0,
Canada,British Columbia,Progressive Conservative Party of British Columbia,,0,1969,1971,John Anthony St. Etienne de Wolf,0,Conservative,0,
Canada,British Columbia,Progressive Conservative Party of British Columbia,,0,1971,1973,Derril Thomas Warren,0,Conservative,0,
Canada,British Columbia,Progressive Conservative Party of British Columbia,,0,1973,1977,George Scott Wallace,0,Conservative,0,
Canada,British Columbia,Progressive Conservative Party of British Columbia,,0,1977,1980,Victor Albert Stephens,0,Conservative,0,
Canada,British Columbia,Progressive Conservative Party of British Columbia,,0,1980,1985,Brian Westwood,0,Conservative,0,
Canada,British Columbia,Progressive Conservative Party of British Columbia,,0,1985,1986,Peter Pollen,0,Conservative,0,
Canada,British Columbia,Conservative Party of British Columbia,Changed name from Progressive Conservative Party of British Columbia in 1991; No party leader has been identified for 1986–1991.,0,1991,1997,Peter B. Macdonald,0,Conservative,0,
Canada,British Columbia,Conservative Party of British Columbia,,0,1997,2001,David Maurice Mercier,0,Conservative,0,
Canada,British Columbia,Conservative Party of British Columbia,,0,2001,2003,Susan Power,1,Conservative,0,
Canada,British Columbia,Conservative Party of British Columbia,,0,2003,2004,Kenneth Edgar King,0,Conservative,0,
Canada,British Columbia,Conservative Party of British Columbia,,0,2004,2005,Barry Edward Chilton,0,Conservative,0,
Canada,British Columbia,Conservative Party of British Columbia,,0,2005,2009,Wilf Hanni,0,Conservative,0,
Canada,British Columbia,Conservative Party of British Columbia,No party leader has been identified for 2009–2011.,0,2011,2013,John Cummins,0,Conservative,0,
Canada,British Columbia,Conservative Party of British Columbia,,0,2014,2016,Dan Brooks,0,Conservative,0,
Canada,British Columbia,Conservative Party of British Columbia,,1,2017,2019,Scott Anderson,0,Conservative,0,
Canada,British Columbia,Conservative Party of British Columbia,,0,2019,2023,Trevor Bolin,0,Conservative,0,
Canada,British Columbia,Conservative Party of British Columbia,,0,2023,2025,John Rustad,0,Conservative,0,
Canada,British Columbia,Conservative Party of British Columbia,,1,2025,2026,Trevor Halford,0,Conservative,0,
Canada,British Columbia,Conservative Party of British Columbia,,0,2026,,Kerry-Lynne Findlay,1,Conservative,0,
Canada,Manitoba,Conservative Party of Manitoba,Regional party series begins in 1878.,0,1878,1887,John Norquay,0,Conservative,0,
Canada,Manitoba,Conservative Party of Manitoba,,0,1887,1889,David Howard Harrison,0,Conservative,0,
Canada,Manitoba,Conservative Party of Manitoba,,0,1889,1897,Rodmond Palen Roblin,0,Conservative,0,
Canada,Manitoba,Conservative Party of Manitoba,,0,1897,1900,Hugh John Macdonald,0,Conservative,0,
Canada,Manitoba,Conservative Party of Manitoba,,0,1900,1915,Rodmond Palen Roblin,0,Conservative,0,
Canada,Manitoba,Conservative Party of Manitoba,,0,1915,1916,James Albert Manning Aikins,0,Conservative,0,
Canada,Manitoba,Conservative Party of Manitoba,,0,1916,1919,Albert Prefontaine,0,Conservative,0,
Canada,Manitoba,Conservative Party of Manitoba,,0,1919,1922,Richard Gardiner Willis,0,Conservative,0,
Canada,Manitoba,Conservative Party of Manitoba,,0,1922,1933,Fawcett Gowler Taylor,0,Conservative,0,
Canada,Manitoba,Conservative Party of Manitoba,Parliamentary/caucus leader after Taylor resigned.,0,1933,1936,William Sanford Evans,0,Conservative,0,
Canada,Manitoba,Conservative Party of Manitoba,Changed name to Progressive Conservative Party of Manitoba in 1946.,0,1936,1954,Errick French Willis,0,Conservative,0,
Canada,Manitoba,Progressive Conservative Party of Manitoba,,0,1954,1967,Duff Roblin,0,Conservative,0,
Canada,Manitoba,Progressive Conservative Party of Manitoba,,0,1967,1971,Walter Weir,0,Conservative,0,
Canada,Manitoba,Progressive Conservative Party of Manitoba,,0,1971,1975,Sidney Spivak,0,Conservative,0,
Canada,Manitoba,Progressive Conservative Party of Manitoba,,0,1975,1983,Sterling Lyon,0,Conservative,0,
Canada,Manitoba,Progressive Conservative Party of Manitoba,,0,1983,2000,Gary Filmon,0,Conservative,0,
Canada,Manitoba,Progressive Conservative Party of Manitoba,,1,2000,2000,Bonnie Mitchelson,1,Conservative,0,
Canada,Manitoba,Progressive Conservative Party of Manitoba,,0,2000,2006,Stuart Murray,0,Conservative,0,
Canada,Manitoba,Progressive Conservative Party of Manitoba,,0,2006,2012,Hugh McFadyen,0,Conservative,0,
Canada,Manitoba,Progressive Conservative Party of Manitoba,,0,2012,2021,Brian Pallister,0,Conservative,0,
Canada,Manitoba,Progressive Conservative Party of Manitoba,,1,2021,2021,Kelvin Goertzen,0,Conservative,0,
Canada,Manitoba,Progressive Conservative Party of Manitoba,,0,2021,2024,Heather Stefanson,1,Conservative,0,
Canada,Manitoba,Progressive Conservative Party of Manitoba,,1,2024,2025,Wayne Ewasko,0,Conservative,0,
Canada,Manitoba,Progressive Conservative Party of Manitoba,,0,2025,,Obby Khan,0,Conservative,0,
Canada,Newfoundland and Labrador,Progressive Conservative Party of Newfoundland and Labrador,"Regional party established in 1949, following Newfoundland's entry into Confederation.",0,1949,1950,Harry Mews,0,Conservative,0,
Canada,Newfoundland and Labrador,Progressive Conservative Party of Newfoundland and Labrador,,0,1950,1951,John Higgins,0,Conservative,0,
Canada,Newfoundland and Labrador,Progressive Conservative Party of Newfoundland and Labrador,,0,1951,1953,Peter Cashin,0,Conservative,0,
Canada,Newfoundland and Labrador,Progressive Conservative Party of Newfoundland and Labrador,,0,1953,1959,Malcolm Hollett,0,Conservative,0,
Canada,Newfoundland and Labrador,Progressive Conservative Party of Newfoundland and Labrador,,0,1959,1966,James Greene,0,Conservative,0,
Canada,Newfoundland and Labrador,Progressive Conservative Party of Newfoundland and Labrador,,0,1966,1966,Noel Murphy,0,Conservative,0,
Canada,Newfoundland and Labrador,Progressive Conservative Party of Newfoundland and Labrador,,0,1966,1969,Gerry Ottenheimer,0,Conservative,0,
Canada,Newfoundland and Labrador,Progressive Conservative Party of Newfoundland and Labrador,,1,1969,1970,William Marshall,0,Conservative,0,
Canada,Newfoundland and Labrador,Progressive Conservative Party of Newfoundland and Labrador,,0,1970,1979,Frank Moores,0,Conservative,0,
Canada,Newfoundland and Labrador,Progressive Conservative Party of Newfoundland and Labrador,,0,1979,1989,Brian Peckford,0,Conservative,0,
Canada,Newfoundland and Labrador,Progressive Conservative Party of Newfoundland and Labrador,,0,1989,1991,Tom Rideout,0,Conservative,0,
Canada,Newfoundland and Labrador,Progressive Conservative Party of Newfoundland and Labrador,,0,1991,1995,Len Simms,0,Conservative,0,
Canada,Newfoundland and Labrador,Progressive Conservative Party of Newfoundland and Labrador,,0,1995,1996,Lynn Verge,1,Conservative,0,
Canada,Newfoundland and Labrador,Progressive Conservative Party of Newfoundland and Labrador,,1,1996,1998,Loyola Sullivan,0,Conservative,0,
Canada,Newfoundland and Labrador,Progressive Conservative Party of Newfoundland and Labrador,,0,1998,2001,Ed Byrne,0,Conservative,0,
Canada,Newfoundland and Labrador,Progressive Conservative Party of Newfoundland and Labrador,,0,2001,2010,Danny Williams,0,Conservative,0,
Canada,Newfoundland and Labrador,Progressive Conservative Party of Newfoundland and Labrador,Interim until elected leader in 2011.,0,2010,2014,Kathy Dunderdale,1,Conservative,0,
Canada,Newfoundland and Labrador,Progressive Conservative Party of Newfoundland and Labrador,,1,2014,2014,Tom Marshall,0,Conservative,0,
Canada,Newfoundland and Labrador,Progressive Conservative Party of Newfoundland and Labrador,,0,2014,2018,Paul Davis,0,Conservative,0,
Canada,Newfoundland and Labrador,Progressive Conservative Party of Newfoundland and Labrador,,0,2018,2021,Ches Crosbie,0,Conservative,0,
Canada,Newfoundland and Labrador,Progressive Conservative Party of Newfoundland and Labrador,,1,2021,2023,David Brazil,0,Conservative,0,
Canada,Newfoundland and Labrador,Progressive Conservative Party of Newfoundland and Labrador,,0,2023,,Tony Wakeham,0,Conservative,0,
Canada,Nova Scotia,Conservative Party of Nova Scotia,Pre-Confederation leader; Regional party series begins in 1843 and includes pre-Confederation leaders.,0,1843,1864,James William Johnston,0,Conservative,0,https://pcpartyns.ca/party-history/
Canada,Nova Scotia,Conservative Party of Nova Scotia,Pre-Confederation leader.,0,1864,1867,Charles Tupper,0,Conservative,0,
Canada,Nova Scotia,Conservative Party of Nova Scotia,,0,1867,1874,Hiram Blanchard,0,Conservative,0,
Canada,Nova Scotia,Conservative Party of Nova Scotia,,0,1875,1882,Simon Hugh Holmes,0,Conservative,0,
Canada,Nova Scotia,Conservative Party of Nova Scotia,,0,1882,1882,John Sparrow David Thompson,0,Conservative,0,
Canada,Nova Scotia,Conservative Party of Nova Scotia,,0,1882,1887,Adam Carr Bell,0,Conservative,0,
Canada,Nova Scotia,Conservative Party of Nova Scotia,,0,1887,1890,William McKay,0,Conservative,0,
Canada,Nova Scotia,Conservative Party of Nova Scotia,Leader of the Opposition.,0,1890,1894,Charles Hazlett Cahan,0,Conservative,0,
Canada,Nova Scotia,Conservative Party of Nova Scotia,Never received complete recognition as Conservative Leader.,0,1894,1897,William McKay,0,Conservative,0,
Canada,Nova Scotia,Conservative Party of Nova Scotia,,0,1897,1904,John Fitzwilliam Stairs,0,Conservative,0,
Canada,Nova Scotia,Conservative Party of Nova Scotia,Selected by caucus as party leader in 1912; No party leader has been identified for 1904–1912.,0,1912,1916,Charles Elliott Tanner,0,Conservative,0,
Canada,Nova Scotia,Conservative Party of Nova Scotia,Caucus leader from 1917; selected party leader in 1922.,0,1917,1925,William Lorimer Hall,0,Conservative,0,
Canada,Nova Scotia,Conservative Party of Nova Scotia,,0,1925,1930,Edgar Nelson Rhodes,0,Conservative,0,
Canada,Nova Scotia,Conservative Party of Nova Scotia,,0,1930,1937,Gordon Sidney Harrington,0,Conservative,0,
Canada,Nova Scotia,Conservative Party of Nova Scotia,House leader / selected by caucus.,0,1937,1940,Percy Chapman Black,0,Conservative,0,
Canada,Nova Scotia,Conservative Party of Nova Scotia,Changed name to Progressive Conservative Association of Nova Scotia in 1948.,0,1940,1946,Leonard William Fraser,0,Conservative,0,
Canada,Nova Scotia,Progressive Conservative Association of Nova Scotia,No party leader has been identified for 1946–1948.,0,1948,1967,Robert Lorne Stanfield,0,Conservative,0,
Canada,Nova Scotia,Progressive Conservative Association of Nova Scotia,,0,1967,1971,George Isaac Smith,0,Conservative,0,
Canada,Nova Scotia,Progressive Conservative Association of Nova Scotia,,0,1971,1990,John Buchanan,0,Conservative,0,
Canada,Nova Scotia,Progressive Conservative Association of Nova Scotia,,1,1990,1991,Roger Stuart Bacon,0,Conservative,0,
Canada,Nova Scotia,Progressive Conservative Association of Nova Scotia,,0,1991,1993,Donald W. Cameron,0,Conservative,0,
Canada,Nova Scotia,Progressive Conservative Association of Nova Scotia,,1,1993,1995,Terry Donahoe,0,Conservative,0,
Canada,Nova Scotia,Progressive Conservative Association of Nova Scotia,,0,1995,2006,John Hamm,0,Conservative,0,
Canada,Nova Scotia,Progressive Conservative Association of Nova Scotia,,0,2006,2009,Rodney MacDonald,0,Conservative,0,
Canada,Nova Scotia,Progressive Conservative Association of Nova Scotia,,1,2009,2010,Karen Casey,1,Conservative,0,
Canada,Nova Scotia,Progressive Conservative Association of Nova Scotia,,0,2010,2018,Jamie Baillie,0,Conservative,0,
Canada,Nova Scotia,Progressive Conservative Association of Nova Scotia,,1,2018,2018,Karla MacFarlane,1,Conservative,0,
Canada,Nova Scotia,Progressive Conservative Association of Nova Scotia,,0,2018,,Tim Houston,0,Conservative,0,https://pcpartyns.ca/party-history/
Canada,Ontario,Liberal-Conservative Association of Ontario,Regional party established in 1867.,0,1867,1871,John Sandfield Macdonald,0,Conservative,0,
Canada,Ontario,Liberal-Conservative Association of Ontario,,0,1871,1878,Matthew Crooks Cameron,0,Conservative,0,
Canada,Ontario,Liberal-Conservative Association of Ontario,,0,1878,1894,William Ralph Meredith,0,Conservative,0,
Canada,Ontario,Liberal-Conservative Association of Ontario,,0,1894,1896,George Frederick Marter,0,Conservative,0,
Canada,Ontario,Liberal-Conservative Association of Ontario,,0,1896,1914,James Pliny Whitney,0,Conservative,0,
Canada,Ontario,Liberal-Conservative Association of Ontario,,0,1914,1919,William Howard Hearst,0,Conservative,0,
Canada,Ontario,Liberal-Conservative Association of Ontario,,0,1919,1930,George Howard Ferguson,0,Conservative,0,
Canada,Ontario,Liberal-Conservative Association of Ontario,,0,1930,1936,George Stewart Henry,0,Conservative,0,
Canada,Ontario,Liberal-Conservative Association of Ontario,,0,1936,1938,William Earl Rowe,0,Conservative,0,
Canada,Ontario,Liberal-Conservative Association of Ontario,Changed name to Progressive Conservative Party of Ontario in 1942.,0,1938,1948,George Drew,0,Conservative,0,
Canada,Ontario,Progressive Conservative Party of Ontario,,1,1948,1949,Thomas Kennedy,0,Conservative,0,
Canada,Ontario,Progressive Conservative Party of Ontario,,0,1949,1961,Leslie Frost,0,Conservative,0,
Canada,Ontario,Progressive Conservative Party of Ontario,,0,1961,1971,John Robarts,0,Conservative,0,
Canada,Ontario,Progressive Conservative Party of Ontario,,0,1971,1985,William (Bill) Davis,0,Conservative,0,
Canada,Ontario,Progressive Conservative Party of Ontario,,0,1985,1985,Frank Miller,0,Conservative,0,
Canada,Ontario,Progressive Conservative Party of Ontario,,0,1985,1987,Larry Grossman,0,Conservative,0,
Canada,Ontario,Progressive Conservative Party of Ontario,,1,1987,1990,Andy Brandt,0,Conservative,0,
Canada,Ontario,Progressive Conservative Party of Ontario,,0,1990,2002,Mike Harris,0,Conservative,0,
Canada,Ontario,Progressive Conservative Party of Ontario,,0,2002,2004,Ernie Eves,0,Conservative,0,
Canada,Ontario,Progressive Conservative Party of Ontario,,0,2004,2009,John Tory,0,Conservative,0,
Canada,Ontario,Progressive Conservative Party of Ontario,,1,2009,2009,Bob Runciman,0,Conservative,0,
Canada,Ontario,Progressive Conservative Party of Ontario,,0,2009,2014,Tim Hudak,0,Conservative,0,
Canada,Ontario,Progressive Conservative Party of Ontario,,1,2014,2015,Jim Wilson,0,Conservative,0,
Canada,Ontario,Progressive Conservative Party of Ontario,,0,2015,2018,Patrick Brown,0,Conservative,0,
Canada,Ontario,Progressive Conservative Party of Ontario,,1,2018,2018,Vic Fedeli,0,Conservative,0,
Canada,Ontario,Progressive Conservative Party of Ontario,,0,2018,,Doug Ford,0,Conservative,0,
Canada,Prince Edward Island,Conservative Party of Prince Edward Island,Pre-Confederation leader; Regional party series begins in 1851 and includes pre-Confederation leaders.,0,1851,1854,Edward Palmer,0,Conservative,0,
Canada,Prince Edward Island,Conservative Party of Prince Edward Island,Pre-Confederation leader.,0,1854,1855,John Holl,0,Conservative,0,
Canada,Prince Edward Island,Conservative Party of Prince Edward Island,Pre-Confederation leader.,0,1855,1863,Edward Palmer,0,Conservative,0,
Canada,Prince Edward Island,Conservative Party of Prince Edward Island,Pre-Confederation leader.,0,1863,1865,John Hamilton Gray,0,Conservative,0,
Canada,Prince Edward Island,Conservative Party of Prince Edward Island,Pre-Confederation leader.,0,1865,1873,James Colledge Pope,0,Conservative,0,
Canada,Prince Edward Island,Conservative Party of Prince Edward Island,,0,1873,1877,Lemuel Cambridge Owen,0,Conservative,0,
Canada,Prince Edward Island,Conservative Party of Prince Edward Island,,0,1877,1889,William Wilfred Sullivan,0,Conservative,0,
Canada,Prince Edward Island,Conservative Party of Prince Edward Island,,0,1889,1894,Neil McLeod,0,Conservative,0,
Canada,Prince Edward Island,Conservative Party of Prince Edward Island,,0,1894,1903,Daniel Gordon,0,Conservative,0,
Canada,Prince Edward Island,Conservative Party of Prince Edward Island,,0,1903,1917,John Alexander Mathieson,0,Conservative,0,
Canada,Prince Edward Island,Conservative Party of Prince Edward Island,,0,1917,1921,Aubin E. Arsenault,0,Conservative,0,
Canada,Prince Edward Island,Conservative Party of Prince Edward Island,,0,1921,1933,James David Stewart,0,Conservative,0,
Canada,Prince Edward Island,Conservative Party of Prince Edward Island,Changed name to Progressive Conservative Party of Prince Edward Island in 1942.,0,1933,1948,William J. P. MacMillan,0,Conservative,0,
Canada,Prince Edward Island,Progressive Conservative Party of Prince Edward Island,,0,1948,1957,Reginald Bell,0,Conservative,0,
Canada,Prince Edward Island,Progressive Conservative Party of Prince Edward Island,,0,1957,1968,Walter Shaw,0,Conservative,0,
Canada,Prince Edward Island,Progressive Conservative Party of Prince Edward Island,,0,1968,1973,George Key,0,Conservative,0,
Canada,Prince Edward Island,Progressive Conservative Party of Prince Edward Island,,0,1973,1976,Melvin McQuaid,0,Conservative,0,
Canada,Prince Edward Island,Progressive Conservative Party of Prince Edward Island,,1,1976,1976,Lloyd MacPhail,0,Conservative,0,
Canada,Prince Edward Island,Progressive Conservative Party of Prince Edward Island,,0,1976,1981,J. Angus MacLean,0,Conservative,0,
Canada,Prince Edward Island,Progressive Conservative Party of Prince Edward Island,,0,1981,1987,James M. Lee,0,Conservative,0,
Canada,Prince Edward Island,Progressive Conservative Party of Prince Edward Island,,1,1987,1988,Leone Bagnall,1,Conservative,0,
Canada,Prince Edward Island,Progressive Conservative Party of Prince Edward Island,,0,1988,1990,Melbourne Gass,0,Conservative,0,
Canada,Prince Edward Island,Progressive Conservative Party of Prince Edward Island,,0,1990,1996,Pat Mella,1,Conservative,0,
Canada,Prince Edward Island,Progressive Conservative Party of Prince Edward Island,,0,1996,2007,Pat Binns,0,Conservative,0,
Canada,Prince Edward Island,Progressive Conservative Party of Prince Edward Island,,1,2007,2010,Olive Crane,1,Conservative,0,
Canada,Prince Edward Island,Progressive Conservative Party of Prince Edward Island,,1,2010,2010,Jim Bagnall,0,Conservative,0,
Canada,Prince Edward Island,Progressive Conservative Party of Prince Edward Island,,0,2010,2013,Olive Crane,1,Conservative,0,
Canada,Prince Edward Island,Progressive Conservative Party of Prince Edward Island,,1,2013,2015,Steven Myers,0,Conservative,0,
Canada,Prince Edward Island,Progressive Conservative Party of Prince Edward Island,,0,2015,2015,Rob Lantz,0,Conservative,0,
Canada,Prince Edward Island,Progressive Conservative Party of Prince Edward Island,,1,2015,2017,Jamie Fox,0,Conservative,0,
Canada,Prince Edward Island,Progressive Conservative Party of Prince Edward Island,,0,2017,2019,James Aylward,0,Conservative,0,
Canada,Prince Edward Island,Progressive Conservative Party of Prince Edward Island,,0,2019,2025,Dennis King,0,Conservative,0,
Canada,Prince Edward Island,Progressive Conservative Party of Prince Edward Island,,1,2025,2025,Rob Lantz,0,Conservative,0,
Canada,Prince Edward Island,Progressive Conservative Party of Prince Edward Island,,1,2025,2026,Bloyce Thompson,0,Conservative,0,
Canada,Prince Edward Island,Progressive Conservative Party of Prince Edward Island,,0,2026,,Rob Lantz,0,Conservative,0,
Canada,Saskatchewan,Provincial Rights Party,Changed name to Conservative Party of Saskatchewan in 1912; Regional party established in 1905.,0,1905,1912,Frederick Haultain,0,Conservative,0,
Canada,Saskatchewan,Conservative Party of Saskatchewan,,0,1912,1917,Wellington Bartley Willoughby,0,Conservative,0,
Canada,Saskatchewan,Conservative Party of Saskatchewan,,0,1917,1921,Donald Maclean,0,Conservative,0,
Canada,Saskatchewan,Conservative Party of Saskatchewan,,0,1921,1924,John Salkeld,0,Conservative,0,
Canada,Saskatchewan,Conservative Party of Saskatchewan,,0,1924,1936,James T. M. Anderson,0,Conservative,0,
Canada,Saskatchewan,Conservative Party of Saskatchewan,,0,1936,1940,John Diefenbaker,0,Conservative,0,
Canada,Saskatchewan,Progressive Conservative Party of Saskatchewan,Changed name from Conservative Party of Saskatchewan in 1942; No party leader has been identified for 1940–1942.,0,1942,1944,Herbert E. Keown,0,Conservative,0,
Canada,Saskatchewan,Progressive Conservative Party of Saskatchewan,,0,1944,1949,Rupert Ramsay,0,Conservative,0,
Canada,Saskatchewan,Progressive Conservative Party of Saskatchewan,,0,1949,1957,Alvin Hamilton,0,Conservative,0,
Canada,Saskatchewan,Progressive Conservative Party of Saskatchewan,,0,1958,1968,Martin Pederson,0,Conservative,0,
Canada,Saskatchewan,Progressive Conservative Party of Saskatchewan,No party leader has been identified for 1968–1970.,0,1970,1972,Ed Nasserden,0,Conservative,0,
Canada,Saskatchewan,Progressive Conservative Party of Saskatchewan,,0,1973,1979,Dick Collver,0,Conservative,0,
Canada,Saskatchewan,Progressive Conservative Party of Saskatchewan,,0,1979,1992,Grant Devine,0,Conservative,0,
Canada,Saskatchewan,Progressive Conservative Party of Saskatchewan,,1,1992,1994,Rick Swenson,0,Conservative,0,
Canada,Saskatchewan,Progressive Conservative Party of Saskatchewan,,0,1994,1997,Bill Boyd,0,Conservative,0,
Canada,Saskatchewan,Progressive Conservative Party of Saskatchewan,,1,1997,2006,Iris Dennis,1,Conservative,0,
Canada,Saskatchewan,Progressive Conservative Party of Saskatchewan,,0,2006,2018,Rick Swenson,0,Conservative,0,
Canada,Saskatchewan,Progressive Conservative Party of Saskatchewan,,0,2018,2021,Ken Grey,0,Conservative,0,
Canada,Saskatchewan,Progressive Conservative Party of Saskatchewan,Interim until elected leader in 2023.,0,2022,,Rose Buscholl,1,Conservative,0,
Canada,Yukon,Yukon Progressive Conservative Party,"Regional party established in 1978, when partisan territorial politics began.",0,1978,1978,Hilda Watson,1,Conservative,0,
Canada,Yukon,Yukon Progressive Conservative Party,Interim until elected leader in 1979.,0,1978,1985,Chris Pearson,0,Conservative,0,
Canada,Yukon,Yukon Progressive Conservative Party,Changed name to Yukon Party in 1991.,0,1985,1991,Willard Phelps,0,Conservative,0,
Canada,Yukon,Yukon Party,,0,1991,1991,Chris Young,0,Conservative,0,
Canada,Yukon,Yukon Party,,0,1991,2000,John Ostashek,0,Conservative,0,
Canada,Yukon,Yukon Party,,1,2000,2002,Peter Jenkins,0,Conservative,0,
Canada,Yukon,Yukon Party,,0,2002,2011,Dennis Fentie,0,Conservative,0,
Canada,Yukon,Yukon Party,,0,2011,2016,Darrell Pasloski,0,Conservative,0,
Canada,Yukon,Yukon Party,,1,2016,2020,Stacey Hassard,0,Conservative,0,
Canada,Yukon,Yukon Party,,0,2020,,Currie Dixon,0,Conservative,0,